{
    "items": [
        {
            "Name": "LIGHT",
            "TextColor": {
                "r": 1.0,
                "g": 1.0,
                "b": 1.0,
                "a": 1.0
            },
            "FontSize": 15,
            "FontStyle": 0,
            "ImageColor": {
                "r": 1.0,
                "g": 0.9449338912963867,
                "b": 0.0,
                "a": 1.0
            },
            "ImageType": 0
        },
        {
            "Name": "SCRIPTS",
            "TextColor": {
                "r": 1.0,
                "g": 1.0,
                "b": 1.0,
                "a": 1.0
            },
            "FontSize": 12,
            "FontStyle": 0,
            "ImageColor": {
                "r": 0.09656461328268051,
                "g": 0.6603773832321167,
                "b": 0.1107751876115799,
                "a": 1.0
            },
            "ImageType": 0
        },
        {
            "Name": "SCENE",
            "TextColor": {
                "r": 1.0,
                "g": 1.0,
                "b": 1.0,
                "a": 1.0
            },
            "FontSize": 12,
            "FontStyle": 0,
            "ImageColor": {
                "r": 0.7075471878051758,
                "g": 0.3249833583831787,
                "b": 0.04338734596967697,
                "a": 1.0
            },
            "ImageType": 0
        }
    ]
}